origin_country	hits	keyword	geo	gprop	low_search_volume	year	origin_country_iso2	hits_log
Netherlands	100	Amsterdam	world	web	TRUE	2008	NL	4.615
Suriname	20	Amsterdam	world	web	TRUE	2008	SR	3.045
Aruba	17	Amsterdam	world	web	TRUE	2008	AW	2.89
Ireland	8	Amsterdam	world	web	TRUE	2008	IE	2.197
Gibraltar	7	Amsterdam	world	web	TRUE	2008	GI	2.079
Luxembourg	7	Amsterdam	world	web	TRUE	2008	LU	2.079
San Marino	7	Amsterdam	world	web	TRUE	2008	SM	2.079
Belgium	6	Amsterdam	world	web	TRUE	2008	BE	1.946
Congo - Brazzaville	6	Amsterdam	world	web	TRUE	2008	NA	1.946
Guinea	6	Amsterdam	world	web	TRUE	2008	GN	1.946
Monaco	6	Amsterdam	world	web	TRUE	2008	MC	1.946
Cyprus	5	Amsterdam	world	web	TRUE	2008	CY	1.792
Gambia	5	Amsterdam	world	web	TRUE	2008	GM	1.792
Iceland	5	Amsterdam	world	web	TRUE	2008	IS	1.792
Malta	5	Amsterdam	world	web	TRUE	2008	MT	1.792
Sierra Leone	5	Amsterdam	world	web	TRUE	2008	SL	1.792
Tajikistan	5	Amsterdam	world	web	TRUE	2008	TJ	1.792
United Kingdom	5	Amsterdam	world	web	TRUE	2008	GB	1.792
Andorra	4	Amsterdam	world	web	TRUE	2008	AD	1.609
Austria	4	Amsterdam	world	web	TRUE	2008	AT	1.609
Burundi	4	Amsterdam	world	web	TRUE	2008	BI	1.609
Greece	4	Amsterdam	world	web	TRUE	2008	GR	1.609
Italy	4	Amsterdam	world	web	TRUE	2008	IT	1.609
Norway	4	Amsterdam	world	web	TRUE	2008	NO	1.609
Switzerland	4	Amsterdam	world	web	TRUE	2008	CH	1.609
Timor-Leste	4	Amsterdam	world	web	TRUE	2008	TL	1.609
Turks & Caicos Islands	4	Amsterdam	world	web	TRUE	2008	TC	1.609
Armenia	3	Amsterdam	world	web	TRUE	2008	AM	1.386
Bermuda	3	Amsterdam	world	web	TRUE	2008	BM	1.386
Cayman Islands	3	Amsterdam	world	web	TRUE	2008	KY	1.386
Czechia	3	Amsterdam	world	web	TRUE	2008	CZ	1.386
Denmark	3	Amsterdam	world	web	TRUE	2008	DK	1.386
Estonia	3	Amsterdam	world	web	TRUE	2008	EE	1.386
Ethiopia	3	Amsterdam	world	web	TRUE	2008	ET	1.386
Faroe Islands	3	Amsterdam	world	web	TRUE	2008	FO	1.386
Georgia	3	Amsterdam	world	web	TRUE	2008	GE	1.386
Germany	3	Amsterdam	world	web	TRUE	2008	DE	1.386
Ghana	3	Amsterdam	world	web	TRUE	2008	GH	1.386
Laos	3	Amsterdam	world	web	TRUE	2008	LA	1.386
Liechtenstein	3	Amsterdam	world	web	TRUE	2008	LI	1.386
Spain	3	Amsterdam	world	web	TRUE	2008	ES	1.386
Sweden	3	Amsterdam	world	web	TRUE	2008	SE	1.386
Tanzania	3	Amsterdam	world	web	TRUE	2008	TZ	1.386
Uganda	3	Amsterdam	world	web	TRUE	2008	UG	1.386
Afghanistan	2	Amsterdam	world	web	TRUE	2008	AF	1.099
Albania	2	Amsterdam	world	web	TRUE	2008	AL	1.099
Bhutan	2	Amsterdam	world	web	TRUE	2008	BT	1.099
British Virgin Islands	2	Amsterdam	world	web	TRUE	2008	VG	1.099
Bulgaria	2	Amsterdam	world	web	TRUE	2008	BG	1.099
Croatia	2	Amsterdam	world	web	TRUE	2008	HR	1.099
Fiji	2	Amsterdam	world	web	TRUE	2008	FJ	1.099
Finland	2	Amsterdam	world	web	TRUE	2008	FI	1.099
France	2	Amsterdam	world	web	TRUE	2008	FR	1.099
Guyana	2	Amsterdam	world	web	TRUE	2008	GY	1.099
Israel	2	Amsterdam	world	web	TRUE	2008	IL	1.099
Kazakhstan	2	Amsterdam	world	web	TRUE	2008	KZ	1.099
Kenya	2	Amsterdam	world	web	TRUE	2008	KE	1.099
Latvia	2	Amsterdam	world	web	TRUE	2008	LV	1.099
Lebanon	2	Amsterdam	world	web	TRUE	2008	LB	1.099
Macedonia (FYROM)	2	Amsterdam	world	web	TRUE	2008	MK	1.099
Malawi	2	Amsterdam	world	web	TRUE	2008	MW	1.099
Montenegro	2	Amsterdam	world	web	TRUE	2008	ME	1.099
Namibia	2	Amsterdam	world	web	TRUE	2008	"NA"	1.099
Nigeria	2	Amsterdam	world	web	TRUE	2008	NG	1.099
Qatar	2	Amsterdam	world	web	TRUE	2008	QA	1.099
Romania	2	Amsterdam	world	web	TRUE	2008	RO	1.099
Rwanda	2	Amsterdam	world	web	TRUE	2008	RW	1.099
Serbia	2	Amsterdam	world	web	TRUE	2008	RS	1.099
Singapore	2	Amsterdam	world	web	TRUE	2008	SG	1.099
Slovenia	2	Amsterdam	world	web	TRUE	2008	SI	1.099
Somalia	2	Amsterdam	world	web	TRUE	2008	SO	1.099
South Africa	2	Amsterdam	world	web	TRUE	2008	ZA	1.099
United Arab Emirates	2	Amsterdam	world	web	TRUE	2008	AE	1.099
Zambia	2	Amsterdam	world	web	TRUE	2008	ZM	1.099
Angola	1	Amsterdam	world	web	TRUE	2008	AO	0.693
Antigua & Barbuda	1	Amsterdam	world	web	TRUE	2008	AG	0.693
Argentina	1	Amsterdam	world	web	TRUE	2008	AR	0.693
Australia	1	Amsterdam	world	web	TRUE	2008	AU	0.693
Azerbaijan	1	Amsterdam	world	web	TRUE	2008	AZ	0.693
Bahamas	1	Amsterdam	world	web	TRUE	2008	BS	0.693
Bahrain	1	Amsterdam	world	web	TRUE	2008	BH	0.693
Bangladesh	1	Amsterdam	world	web	TRUE	2008	BD	0.693
Belarus	1	Amsterdam	world	web	TRUE	2008	BY	0.693
Belize	1	Amsterdam	world	web	TRUE	2008	BZ	0.693
Benin	1	Amsterdam	world	web	TRUE	2008	BJ	0.693
Bosnia & Herzegovina	1	Amsterdam	world	web	TRUE	2008	BA	0.693
Botswana	1	Amsterdam	world	web	TRUE	2008	BW	0.693
Brunei	1	Amsterdam	world	web	TRUE	2008	BN	0.693
Burkina Faso	1	Amsterdam	world	web	TRUE	2008	BF	0.693
Cambodia	1	Amsterdam	world	web	TRUE	2008	KH	0.693
Cameroon	1	Amsterdam	world	web	TRUE	2008	CM	0.693
Canada	1	Amsterdam	world	web	TRUE	2008	CA	0.693
Congo - Kinshasa	1	Amsterdam	world	web	TRUE	2008	NA	0.693
Costa Rica	1	Amsterdam	world	web	TRUE	2008	CR	0.693
Côte d’Ivoire	1	Amsterdam	world	web	TRUE	2008	CI	0.693
Cuba	1	Amsterdam	world	web	TRUE	2008	CU	0.693
Ecuador	1	Amsterdam	world	web	TRUE	2008	EC	0.693
French Guiana	1	Amsterdam	world	web	TRUE	2008	GF	0.693
French Polynesia	1	Amsterdam	world	web	TRUE	2008	PF	0.693
Gabon	1	Amsterdam	world	web	TRUE	2008	GA	0.693
Grenada	1	Amsterdam	world	web	TRUE	2008	GD	0.693
Guadeloupe	1	Amsterdam	world	web	TRUE	2008	GP	0.693
Guam	1	Amsterdam	world	web	TRUE	2008	GU	0.693
Hong Kong	1	Amsterdam	world	web	TRUE	2008	HK	0.693
Hungary	1	Amsterdam	world	web	TRUE	2008	HU	0.693
India	1	Amsterdam	world	web	TRUE	2008	IN	0.693
Indonesia	1	Amsterdam	world	web	TRUE	2008	ID	0.693
Iraq	1	Amsterdam	world	web	TRUE	2008	IQ	0.693
Jamaica	1	Amsterdam	world	web	TRUE	2008	JM	0.693
Jordan	1	Amsterdam	world	web	TRUE	2008	JO	0.693
Kuwait	1	Amsterdam	world	web	TRUE	2008	KW	0.693
Kyrgyzstan	1	Amsterdam	world	web	TRUE	2008	KG	0.693
Libya	1	Amsterdam	world	web	TRUE	2008	LY	0.693
Lithuania	1	Amsterdam	world	web	TRUE	2008	LT	0.693
Malaysia	1	Amsterdam	world	web	TRUE	2008	MY	0.693
Maldives	1	Amsterdam	world	web	TRUE	2008	MV	0.693
Mali	1	Amsterdam	world	web	TRUE	2008	ML	0.693
Martinique	1	Amsterdam	world	web	TRUE	2008	MQ	0.693
Mauritania	1	Amsterdam	world	web	TRUE	2008	MR	0.693
Mauritius	1	Amsterdam	world	web	TRUE	2008	MU	0.693
Moldova	1	Amsterdam	world	web	TRUE	2008	MD	0.693
Mongolia	1	Amsterdam	world	web	TRUE	2008	MN	0.693
Morocco	1	Amsterdam	world	web	TRUE	2008	MA	0.693
Mozambique	1	Amsterdam	world	web	TRUE	2008	MZ	0.693
Nepal	1	Amsterdam	world	web	TRUE	2008	NP	0.693
New Caledonia	1	Amsterdam	world	web	TRUE	2008	NC	0.693
New Zealand	1	Amsterdam	world	web	TRUE	2008	NZ	0.693
Nicaragua	1	Amsterdam	world	web	TRUE	2008	NI	0.693
Oman	1	Amsterdam	world	web	TRUE	2008	OM	0.693
Pakistan	1	Amsterdam	world	web	TRUE	2008	PK	0.693
Panama	1	Amsterdam	world	web	TRUE	2008	PA	0.693
Papua New Guinea	1	Amsterdam	world	web	TRUE	2008	PG	0.693
Philippines	1	Amsterdam	world	web	TRUE	2008	PH	0.693
Poland	1	Amsterdam	world	web	TRUE	2008	PL	0.693
Portugal	1	Amsterdam	world	web	TRUE	2008	PT	0.693
Puerto Rico	1	Amsterdam	world	web	TRUE	2008	PR	0.693
Réunion	1	Amsterdam	world	web	TRUE	2008	RE	0.693
Russia	1	Amsterdam	world	web	TRUE	2008	RU	0.693
Senegal	1	Amsterdam	world	web	TRUE	2008	SN	0.693
Seychelles	1	Amsterdam	world	web	TRUE	2008	SC	0.693
Slovakia	1	Amsterdam	world	web	TRUE	2008	SK	0.693
South Korea	1	Amsterdam	world	web	TRUE	2008	KR	0.693
Sri Lanka	1	Amsterdam	world	web	TRUE	2008	LK	0.693
St. Kitts & Nevis	1	Amsterdam	world	web	TRUE	2008	KN	0.693
St. Lucia	1	Amsterdam	world	web	TRUE	2008	LC	0.693
St. Vincent & Grenadines	1	Amsterdam	world	web	TRUE	2008	VC	0.693
Sudan	1	Amsterdam	world	web	TRUE	2008	SD	0.693
Togo	1	Amsterdam	world	web	TRUE	2008	TG	0.693
Trinidad & Tobago	1	Amsterdam	world	web	TRUE	2008	TT	0.693
Tunisia	1	Amsterdam	world	web	TRUE	2008	TN	0.693
Turkey	1	Amsterdam	world	web	TRUE	2008	TR	0.693
U.S. Virgin Islands	1	Amsterdam	world	web	TRUE	2008	VI	0.693
Ukraine	1	Amsterdam	world	web	TRUE	2008	UA	0.693
United States	1	Amsterdam	world	web	TRUE	2008	US	0.693
Uruguay	1	Amsterdam	world	web	TRUE	2008	UY	0.693
Uzbekistan	1	Amsterdam	world	web	TRUE	2008	UZ	0.693
Zimbabwe	1	Amsterdam	world	web	TRUE	2008	ZW	0.693
Algeria	0.5	Amsterdam	world	web	TRUE	2008	DZ	0.405
Barbados	0.5	Amsterdam	world	web	TRUE	2008	BB	0.405
Bolivia	0.5	Amsterdam	world	web	TRUE	2008	BO	0.405
Brazil	0.5	Amsterdam	world	web	TRUE	2008	BR	0.405
Chile	0.5	Amsterdam	world	web	TRUE	2008	CL	0.405
China	0.5	Amsterdam	world	web	TRUE	2008	CN	0.405
Colombia	0.5	Amsterdam	world	web	TRUE	2008	CO	0.405
Dominican Republic	0.5	Amsterdam	world	web	TRUE	2008	DO	0.405
Egypt	0.5	Amsterdam	world	web	TRUE	2008	EG	0.405
El Salvador	0.5	Amsterdam	world	web	TRUE	2008	SV	0.405
Guatemala	0.5	Amsterdam	world	web	TRUE	2008	GT	0.405
Honduras	0.5	Amsterdam	world	web	TRUE	2008	HN	0.405
Iran	0.5	Amsterdam	world	web	TRUE	2008	IR	0.405
Japan	0.5	Amsterdam	world	web	TRUE	2008	JP	0.405
Macau	0.5	Amsterdam	world	web	TRUE	2008	MO	0.405
Madagascar	0.5	Amsterdam	world	web	TRUE	2008	MG	0.405
Mexico	0.5	Amsterdam	world	web	TRUE	2008	MX	0.405
Myanmar (Burma)	0.5	Amsterdam	world	web	TRUE	2008	MM	0.405
Palestine	0.5	Amsterdam	world	web	TRUE	2008	PS	0.405
Paraguay	0.5	Amsterdam	world	web	TRUE	2008	PY	0.405
Peru	0.5	Amsterdam	world	web	TRUE	2008	PE	0.405
Saudi Arabia	0.5	Amsterdam	world	web	TRUE	2008	SA	0.405
Syria	0.5	Amsterdam	world	web	TRUE	2008	SY	0.405
Taiwan	0.5	Amsterdam	world	web	TRUE	2008	TW	0.405
Thailand	0.5	Amsterdam	world	web	TRUE	2008	TH	0.405
Venezuela	0.5	Amsterdam	world	web	TRUE	2008	VE	0.405
Vietnam	0.5	Amsterdam	world	web	TRUE	2008	VN	0.405
Yemen	0.5	Amsterdam	world	web	TRUE	2008	YE	0.405
