origin_country	hits	keyword	geo	gprop	low_search_volume	year	origin_country_iso2	hits_log
Netherlands	100	Amsterdam	world	web	TRUE	2009	NL	4.615
Suriname	17	Amsterdam	world	web	TRUE	2009	SR	2.89
Aruba	14	Amsterdam	world	web	TRUE	2009	AW	2.708
Turks & Caicos Islands	13	Amsterdam	world	web	TRUE	2009	TC	2.639
Belgium	6	Amsterdam	world	web	TRUE	2009	BE	1.946
Gibraltar	6	Amsterdam	world	web	TRUE	2009	GI	1.946
Ireland	6	Amsterdam	world	web	TRUE	2009	IE	1.946
Luxembourg	6	Amsterdam	world	web	TRUE	2009	LU	1.946
Liberia	5	Amsterdam	world	web	TRUE	2009	LR	1.792
Monaco	5	Amsterdam	world	web	TRUE	2009	MC	1.792
Tonga	5	Amsterdam	world	web	TRUE	2009	TO	1.792
Andorra	4	Amsterdam	world	web	TRUE	2009	AD	1.609
Bermuda	4	Amsterdam	world	web	TRUE	2009	BM	1.609
Cyprus	4	Amsterdam	world	web	TRUE	2009	CY	1.609
Liechtenstein	4	Amsterdam	world	web	TRUE	2009	LI	1.609
Malta	4	Amsterdam	world	web	TRUE	2009	MT	1.609
Norway	4	Amsterdam	world	web	TRUE	2009	NO	1.609
Sierra Leone	4	Amsterdam	world	web	TRUE	2009	SL	1.609
Switzerland	4	Amsterdam	world	web	TRUE	2009	CH	1.609
Timor-Leste	4	Amsterdam	world	web	TRUE	2009	TL	1.609
Austria	3	Amsterdam	world	web	TRUE	2009	AT	1.386
Burundi	3	Amsterdam	world	web	TRUE	2009	BI	1.386
Denmark	3	Amsterdam	world	web	TRUE	2009	DK	1.386
Germany	3	Amsterdam	world	web	TRUE	2009	DE	1.386
Greece	3	Amsterdam	world	web	TRUE	2009	GR	1.386
Guyana	3	Amsterdam	world	web	TRUE	2009	GY	1.386
Iceland	3	Amsterdam	world	web	TRUE	2009	IS	1.386
Italy	3	Amsterdam	world	web	TRUE	2009	IT	1.386
Namibia	3	Amsterdam	world	web	TRUE	2009	"NA"	1.386
San Marino	3	Amsterdam	world	web	TRUE	2009	SM	1.386
Seychelles	3	Amsterdam	world	web	TRUE	2009	SC	1.386
St. Lucia	3	Amsterdam	world	web	TRUE	2009	LC	1.386
Tanzania	3	Amsterdam	world	web	TRUE	2009	TZ	1.386
Turkmenistan	3	Amsterdam	world	web	TRUE	2009	TM	1.386
United Kingdom	3	Amsterdam	world	web	TRUE	2009	GB	1.386
Albania	2	Amsterdam	world	web	TRUE	2009	AL	1.099
Armenia	2	Amsterdam	world	web	TRUE	2009	AM	1.099
Bulgaria	2	Amsterdam	world	web	TRUE	2009	BG	1.099
Croatia	2	Amsterdam	world	web	TRUE	2009	HR	1.099
Czechia	2	Amsterdam	world	web	TRUE	2009	CZ	1.099
Estonia	2	Amsterdam	world	web	TRUE	2009	EE	1.099
Ethiopia	2	Amsterdam	world	web	TRUE	2009	ET	1.099
Faroe Islands	2	Amsterdam	world	web	TRUE	2009	FO	1.099
Finland	2	Amsterdam	world	web	TRUE	2009	FI	1.099
France	2	Amsterdam	world	web	TRUE	2009	FR	1.099
Gambia	2	Amsterdam	world	web	TRUE	2009	GM	1.099
Georgia	2	Amsterdam	world	web	TRUE	2009	GE	1.099
Ghana	2	Amsterdam	world	web	TRUE	2009	GH	1.099
Israel	2	Amsterdam	world	web	TRUE	2009	IL	1.099
Kazakhstan	2	Amsterdam	world	web	TRUE	2009	KZ	1.099
Kenya	2	Amsterdam	world	web	TRUE	2009	KE	1.099
Latvia	2	Amsterdam	world	web	TRUE	2009	LV	1.099
Lebanon	2	Amsterdam	world	web	TRUE	2009	LB	1.099
Lesotho	2	Amsterdam	world	web	TRUE	2009	LS	1.099
Mali	2	Amsterdam	world	web	TRUE	2009	ML	1.099
Montenegro	2	Amsterdam	world	web	TRUE	2009	ME	1.099
Nigeria	2	Amsterdam	world	web	TRUE	2009	NG	1.099
Romania	2	Amsterdam	world	web	TRUE	2009	RO	1.099
Rwanda	2	Amsterdam	world	web	TRUE	2009	RW	1.099
Slovenia	2	Amsterdam	world	web	TRUE	2009	SI	1.099
South Africa	2	Amsterdam	world	web	TRUE	2009	ZA	1.099
Spain	2	Amsterdam	world	web	TRUE	2009	ES	1.099
Swaziland	2	Amsterdam	world	web	TRUE	2009	SZ	1.099
Sweden	2	Amsterdam	world	web	TRUE	2009	SE	1.099
U.S. Virgin Islands	2	Amsterdam	world	web	TRUE	2009	VI	1.099
Uganda	2	Amsterdam	world	web	TRUE	2009	UG	1.099
Afghanistan	1	Amsterdam	world	web	TRUE	2009	AF	0.693
Angola	1	Amsterdam	world	web	TRUE	2009	AO	0.693
Antigua & Barbuda	1	Amsterdam	world	web	TRUE	2009	AG	0.693
Australia	1	Amsterdam	world	web	TRUE	2009	AU	0.693
Azerbaijan	1	Amsterdam	world	web	TRUE	2009	AZ	0.693
Bahamas	1	Amsterdam	world	web	TRUE	2009	BS	0.693
Bahrain	1	Amsterdam	world	web	TRUE	2009	BH	0.693
Bangladesh	1	Amsterdam	world	web	TRUE	2009	BD	0.693
Barbados	1	Amsterdam	world	web	TRUE	2009	BB	0.693
Belize	1	Amsterdam	world	web	TRUE	2009	BZ	0.693
Bosnia & Herzegovina	1	Amsterdam	world	web	TRUE	2009	BA	0.693
Botswana	1	Amsterdam	world	web	TRUE	2009	BW	0.693
British Virgin Islands	1	Amsterdam	world	web	TRUE	2009	VG	0.693
Brunei	1	Amsterdam	world	web	TRUE	2009	BN	0.693
Burkina Faso	1	Amsterdam	world	web	TRUE	2009	BF	0.693
Cambodia	1	Amsterdam	world	web	TRUE	2009	KH	0.693
Cameroon	1	Amsterdam	world	web	TRUE	2009	CM	0.693
Canada	1	Amsterdam	world	web	TRUE	2009	CA	0.693
Cayman Islands	1	Amsterdam	world	web	TRUE	2009	KY	0.693
Congo - Kinshasa	1	Amsterdam	world	web	TRUE	2009	NA	0.693
Costa Rica	1	Amsterdam	world	web	TRUE	2009	CR	0.693
Côte d’Ivoire	1	Amsterdam	world	web	TRUE	2009	CI	0.693
Cuba	1	Amsterdam	world	web	TRUE	2009	CU	0.693
Fiji	1	Amsterdam	world	web	TRUE	2009	FJ	0.693
French Polynesia	1	Amsterdam	world	web	TRUE	2009	PF	0.693
Gabon	1	Amsterdam	world	web	TRUE	2009	GA	0.693
Grenada	1	Amsterdam	world	web	TRUE	2009	GD	0.693
Guadeloupe	1	Amsterdam	world	web	TRUE	2009	GP	0.693
Haiti	1	Amsterdam	world	web	TRUE	2009	HT	0.693
Hong Kong	1	Amsterdam	world	web	TRUE	2009	HK	0.693
Hungary	1	Amsterdam	world	web	TRUE	2009	HU	0.693
India	1	Amsterdam	world	web	TRUE	2009	IN	0.693
Iraq	1	Amsterdam	world	web	TRUE	2009	IQ	0.693
Jamaica	1	Amsterdam	world	web	TRUE	2009	JM	0.693
Kuwait	1	Amsterdam	world	web	TRUE	2009	KW	0.693
Kyrgyzstan	1	Amsterdam	world	web	TRUE	2009	KG	0.693
Laos	1	Amsterdam	world	web	TRUE	2009	LA	0.693
Libya	1	Amsterdam	world	web	TRUE	2009	LY	0.693
Lithuania	1	Amsterdam	world	web	TRUE	2009	LT	0.693
Macau	1	Amsterdam	world	web	TRUE	2009	MO	0.693
Macedonia (FYROM)	1	Amsterdam	world	web	TRUE	2009	MK	0.693
Madagascar	1	Amsterdam	world	web	TRUE	2009	MG	0.693
Malawi	1	Amsterdam	world	web	TRUE	2009	MW	0.693
Malaysia	1	Amsterdam	world	web	TRUE	2009	MY	0.693
Maldives	1	Amsterdam	world	web	TRUE	2009	MV	0.693
Mauritania	1	Amsterdam	world	web	TRUE	2009	MR	0.693
Mauritius	1	Amsterdam	world	web	TRUE	2009	MU	0.693
Moldova	1	Amsterdam	world	web	TRUE	2009	MD	0.693
Mongolia	1	Amsterdam	world	web	TRUE	2009	MN	0.693
Morocco	1	Amsterdam	world	web	TRUE	2009	MA	0.693
Mozambique	1	Amsterdam	world	web	TRUE	2009	MZ	0.693
Nepal	1	Amsterdam	world	web	TRUE	2009	NP	0.693
New Caledonia	1	Amsterdam	world	web	TRUE	2009	NC	0.693
New Zealand	1	Amsterdam	world	web	TRUE	2009	NZ	0.693
Oman	1	Amsterdam	world	web	TRUE	2009	OM	0.693
Pakistan	1	Amsterdam	world	web	TRUE	2009	PK	0.693
Panama	1	Amsterdam	world	web	TRUE	2009	PA	0.693
Papua New Guinea	1	Amsterdam	world	web	TRUE	2009	PG	0.693
Philippines	1	Amsterdam	world	web	TRUE	2009	PH	0.693
Poland	1	Amsterdam	world	web	TRUE	2009	PL	0.693
Portugal	1	Amsterdam	world	web	TRUE	2009	PT	0.693
Puerto Rico	1	Amsterdam	world	web	TRUE	2009	PR	0.693
Qatar	1	Amsterdam	world	web	TRUE	2009	QA	0.693
Réunion	1	Amsterdam	world	web	TRUE	2009	RE	0.693
Russia	1	Amsterdam	world	web	TRUE	2009	RU	0.693
Senegal	1	Amsterdam	world	web	TRUE	2009	SN	0.693
Serbia	1	Amsterdam	world	web	TRUE	2009	RS	0.693
Singapore	1	Amsterdam	world	web	TRUE	2009	SG	0.693
Slovakia	1	Amsterdam	world	web	TRUE	2009	SK	0.693
South Korea	1	Amsterdam	world	web	TRUE	2009	KR	0.693
Sri Lanka	1	Amsterdam	world	web	TRUE	2009	LK	0.693
St. Kitts & Nevis	1	Amsterdam	world	web	TRUE	2009	KN	0.693
St. Vincent & Grenadines	1	Amsterdam	world	web	TRUE	2009	VC	0.693
Tajikistan	1	Amsterdam	world	web	TRUE	2009	TJ	0.693
Togo	1	Amsterdam	world	web	TRUE	2009	TG	0.693
Trinidad & Tobago	1	Amsterdam	world	web	TRUE	2009	TT	0.693
Tunisia	1	Amsterdam	world	web	TRUE	2009	TN	0.693
Turkey	1	Amsterdam	world	web	TRUE	2009	TR	0.693
United Arab Emirates	1	Amsterdam	world	web	TRUE	2009	AE	0.693
United States	1	Amsterdam	world	web	TRUE	2009	US	0.693
Uruguay	1	Amsterdam	world	web	TRUE	2009	UY	0.693
Zambia	1	Amsterdam	world	web	TRUE	2009	ZM	0.693
Zimbabwe	1	Amsterdam	world	web	TRUE	2009	ZW	0.693
Algeria	0.5	Amsterdam	world	web	TRUE	2009	DZ	0.405
Argentina	0.5	Amsterdam	world	web	TRUE	2009	AR	0.405
Belarus	0.5	Amsterdam	world	web	TRUE	2009	BY	0.405
Benin	0.5	Amsterdam	world	web	TRUE	2009	BJ	0.405
Bolivia	0.5	Amsterdam	world	web	TRUE	2009	BO	0.405
Brazil	0.5	Amsterdam	world	web	TRUE	2009	BR	0.405
Chile	0.5	Amsterdam	world	web	TRUE	2009	CL	0.405
China	0.5	Amsterdam	world	web	TRUE	2009	CN	0.405
Colombia	0.5	Amsterdam	world	web	TRUE	2009	CO	0.405
Dominican Republic	0.5	Amsterdam	world	web	TRUE	2009	DO	0.405
Ecuador	0.5	Amsterdam	world	web	TRUE	2009	EC	0.405
Egypt	0.5	Amsterdam	world	web	TRUE	2009	EG	0.405
El Salvador	0.5	Amsterdam	world	web	TRUE	2009	SV	0.405
French Guiana	0.5	Amsterdam	world	web	TRUE	2009	GF	0.405
Guam	0.5	Amsterdam	world	web	TRUE	2009	GU	0.405
Guatemala	0.5	Amsterdam	world	web	TRUE	2009	GT	0.405
Honduras	0.5	Amsterdam	world	web	TRUE	2009	HN	0.405
Indonesia	0.5	Amsterdam	world	web	TRUE	2009	ID	0.405
Iran	0.5	Amsterdam	world	web	TRUE	2009	IR	0.405
Japan	0.5	Amsterdam	world	web	TRUE	2009	JP	0.405
Jordan	0.5	Amsterdam	world	web	TRUE	2009	JO	0.405
Martinique	0.5	Amsterdam	world	web	TRUE	2009	MQ	0.405
Mexico	0.5	Amsterdam	world	web	TRUE	2009	MX	0.405
Myanmar (Burma)	0.5	Amsterdam	world	web	TRUE	2009	MM	0.405
Nicaragua	0.5	Amsterdam	world	web	TRUE	2009	NI	0.405
Palestine	0.5	Amsterdam	world	web	TRUE	2009	PS	0.405
Paraguay	0.5	Amsterdam	world	web	TRUE	2009	PY	0.405
Peru	0.5	Amsterdam	world	web	TRUE	2009	PE	0.405
Saudi Arabia	0.5	Amsterdam	world	web	TRUE	2009	SA	0.405
Sudan	0.5	Amsterdam	world	web	TRUE	2009	SD	0.405
Syria	0.5	Amsterdam	world	web	TRUE	2009	SY	0.405
Taiwan	0.5	Amsterdam	world	web	TRUE	2009	TW	0.405
Thailand	0.5	Amsterdam	world	web	TRUE	2009	TH	0.405
Ukraine	0.5	Amsterdam	world	web	TRUE	2009	UA	0.405
Uzbekistan	0.5	Amsterdam	world	web	TRUE	2009	UZ	0.405
Venezuela	0.5	Amsterdam	world	web	TRUE	2009	VE	0.405
Vietnam	0.5	Amsterdam	world	web	TRUE	2009	VN	0.405
Yemen	0.5	Amsterdam	world	web	TRUE	2009	YE	0.405
