origin_country	hits	keyword	geo	gprop	low_search_volume	year	origin_country_iso2	hits_log
Caribbean Netherlands	100	Netherlands	world	web	TRUE	2015	BQ	4.615
Sint Maarten	81	Netherlands	world	web	TRUE	2015	SX	4.407
Curaçao	80	Netherlands	world	web	TRUE	2015	CW	4.394
Netherlands	74	Netherlands	world	web	TRUE	2015	NL	4.317
Aruba	67	Netherlands	world	web	TRUE	2015	AW	4.22
Lesotho	38	Netherlands	world	web	TRUE	2015	LS	3.664
Zimbabwe	35	Netherlands	world	web	TRUE	2015	ZW	3.584
Uganda	25	Netherlands	world	web	TRUE	2015	UG	3.258
St. Helena	24	Netherlands	world	web	TRUE	2015	SH	3.219
Suriname	24	Netherlands	world	web	TRUE	2015	SR	3.219
Ghana	22	Netherlands	world	web	TRUE	2015	GH	3.135
Falkland Islands (Islas Malvinas)	21	Netherlands	world	web	TRUE	2015	FK	3.091
Rwanda	19	Netherlands	world	web	TRUE	2015	RW	2.996
Gambia	18	Netherlands	world	web	TRUE	2015	GM	2.944
Kenya	18	Netherlands	world	web	TRUE	2015	KE	2.944
Malta	18	Netherlands	world	web	TRUE	2015	MT	2.944
Luxembourg	17	Netherlands	world	web	TRUE	2015	LU	2.89
Vanuatu	17	Netherlands	world	web	TRUE	2015	VU	2.89
Cook Islands	16	Netherlands	world	web	TRUE	2015	CK	2.833
Iceland	15	Netherlands	world	web	TRUE	2015	IS	2.773
Solomon Islands	15	Netherlands	world	web	TRUE	2015	SB	2.773
Bhutan	14	Netherlands	world	web	TRUE	2015	BT	2.708
Seychelles	14	Netherlands	world	web	TRUE	2015	SC	2.708
South Africa	14	Netherlands	world	web	TRUE	2015	ZA	2.708
Bermuda	12	Netherlands	world	web	TRUE	2015	BM	2.565
Ireland	12	Netherlands	world	web	TRUE	2015	IE	2.565
Monaco	12	Netherlands	world	web	TRUE	2015	MC	2.565
Cayman Islands	11	Netherlands	world	web	TRUE	2015	KY	2.485
Cyprus	11	Netherlands	world	web	TRUE	2015	CY	2.485
Gibraltar	11	Netherlands	world	web	TRUE	2015	GI	2.485
Nepal	11	Netherlands	world	web	TRUE	2015	NP	2.485
United Arab Emirates	11	Netherlands	world	web	TRUE	2015	AE	2.485
Belgium	10	Netherlands	world	web	TRUE	2015	BE	2.398
Guernsey	10	Netherlands	world	web	TRUE	2015	GG	2.398
Guyana	10	Netherlands	world	web	TRUE	2015	GY	2.398
Isle of Man	10	Netherlands	world	web	TRUE	2015	IM	2.398
Jersey	10	Netherlands	world	web	TRUE	2015	JE	2.398
Maldives	10	Netherlands	world	web	TRUE	2015	MV	2.398
Namibia	10	Netherlands	world	web	TRUE	2015	"NA"	2.398
Singapore	10	Netherlands	world	web	TRUE	2015	SG	2.398
Swaziland	10	Netherlands	world	web	TRUE	2015	SZ	2.398
United Kingdom	10	Netherlands	world	web	TRUE	2015	GB	2.398
Zambia	10	Netherlands	world	web	TRUE	2015	ZM	2.398
Grenada	9	Netherlands	world	web	TRUE	2015	GD	2.303
Latvia	9	Netherlands	world	web	TRUE	2015	LV	2.303
Liberia	9	Netherlands	world	web	TRUE	2015	LR	2.303
Macedonia (FYROM)	9	Netherlands	world	web	TRUE	2015	MK	2.303
Mauritius	9	Netherlands	world	web	TRUE	2015	MU	2.303
Nigeria	9	Netherlands	world	web	TRUE	2015	NG	2.303
Qatar	9	Netherlands	world	web	TRUE	2015	QA	2.303
U.S. Virgin Islands	9	Netherlands	world	web	TRUE	2015	VI	2.303
Albania	8	Netherlands	world	web	TRUE	2015	AL	2.197
Benin	8	Netherlands	world	web	TRUE	2015	BJ	2.197
Dominica	8	Netherlands	world	web	TRUE	2015	DM	2.197
Ethiopia	8	Netherlands	world	web	TRUE	2015	ET	2.197
Faroe Islands	8	Netherlands	world	web	TRUE	2015	FO	2.197
Jamaica	8	Netherlands	world	web	TRUE	2015	JM	2.197
Lebanon	8	Netherlands	world	web	TRUE	2015	LB	2.197
Malawi	8	Netherlands	world	web	TRUE	2015	MW	2.197
Oman	8	Netherlands	world	web	TRUE	2015	OM	2.197
South Sudan	8	Netherlands	world	web	TRUE	2015	SS	2.197
St. Martin	8	Netherlands	world	web	TRUE	2015	MF	2.197
Antigua & Barbuda	7	Netherlands	world	web	TRUE	2015	AG	2.079
Australia	7	Netherlands	world	web	TRUE	2015	AU	2.079
Bahrain	7	Netherlands	world	web	TRUE	2015	BH	2.079
Barbados	7	Netherlands	world	web	TRUE	2015	BB	2.079
Botswana	7	Netherlands	world	web	TRUE	2015	BW	2.079
Canada	7	Netherlands	world	web	TRUE	2015	CA	2.079
China	7	Netherlands	world	web	TRUE	2015	CN	2.079
Estonia	7	Netherlands	world	web	TRUE	2015	EE	2.079
Kuwait	7	Netherlands	world	web	TRUE	2015	KW	2.079
Lithuania	7	Netherlands	world	web	TRUE	2015	LT	2.079
New Zealand	7	Netherlands	world	web	TRUE	2015	NZ	2.079
Philippines	7	Netherlands	world	web	TRUE	2015	PH	2.079
Trinidad & Tobago	7	Netherlands	world	web	TRUE	2015	TT	2.079
Afghanistan	6	Netherlands	world	web	TRUE	2015	AF	1.946
Bangladesh	6	Netherlands	world	web	TRUE	2015	BD	1.946
Brunei	6	Netherlands	world	web	TRUE	2015	BN	1.946
Guam	6	Netherlands	world	web	TRUE	2015	GU	1.946
Hong Kong	6	Netherlands	world	web	TRUE	2015	HK	1.946
Norway	6	Netherlands	world	web	TRUE	2015	NO	1.946
Sierra Leone	6	Netherlands	world	web	TRUE	2015	SL	1.946
Togo	6	Netherlands	world	web	TRUE	2015	TG	1.946
Turks & Caicos Islands	6	Netherlands	world	web	TRUE	2015	TC	1.946
Anguilla	5	Netherlands	world	web	TRUE	2015	AI	1.792
Belize	5	Netherlands	world	web	TRUE	2015	BZ	1.792
British Virgin Islands	5	Netherlands	world	web	TRUE	2015	VG	1.792
Bulgaria	5	Netherlands	world	web	TRUE	2015	BG	1.792
Denmark	5	Netherlands	world	web	TRUE	2015	DK	1.792
Finland	5	Netherlands	world	web	TRUE	2015	FI	1.792
Georgia	5	Netherlands	world	web	TRUE	2015	GE	1.792
Greece	5	Netherlands	world	web	TRUE	2015	GR	1.792
Israel	5	Netherlands	world	web	TRUE	2015	IL	1.792
Papua New Guinea	5	Netherlands	world	web	TRUE	2015	PG	1.792
Portugal	5	Netherlands	world	web	TRUE	2015	PT	1.792
Slovenia	5	Netherlands	world	web	TRUE	2015	SI	1.792
St. Kitts & Nevis	5	Netherlands	world	web	TRUE	2015	KN	1.792
Switzerland	5	Netherlands	world	web	TRUE	2015	CH	1.792
Tanzania	5	Netherlands	world	web	TRUE	2015	TZ	1.792
United States	5	Netherlands	world	web	TRUE	2015	US	1.792
Cambodia	4	Netherlands	world	web	TRUE	2015	KH	1.609
Cameroon	4	Netherlands	world	web	TRUE	2015	CM	1.609
Croatia	4	Netherlands	world	web	TRUE	2015	HR	1.609
Cuba	4	Netherlands	world	web	TRUE	2015	CU	1.609
Czechia	4	Netherlands	world	web	TRUE	2015	CZ	1.609
Fiji	4	Netherlands	world	web	TRUE	2015	FJ	1.609
Germany	4	Netherlands	world	web	TRUE	2015	DE	1.609
India	4	Netherlands	world	web	TRUE	2015	IN	1.609
Kosovo	4	Netherlands	world	web	TRUE	2015	XK	1.609
Liechtenstein	4	Netherlands	world	web	TRUE	2015	LI	1.609
Malaysia	4	Netherlands	world	web	TRUE	2015	MY	1.609
Romania	4	Netherlands	world	web	TRUE	2015	RO	1.609
Samoa	4	Netherlands	world	web	TRUE	2015	WS	1.609
Somalia	4	Netherlands	world	web	TRUE	2015	SO	1.609
Sri Lanka	4	Netherlands	world	web	TRUE	2015	LK	1.609
St. Vincent & Grenadines	4	Netherlands	world	web	TRUE	2015	VC	1.609
Sweden	4	Netherlands	world	web	TRUE	2015	SE	1.609
Armenia	3	Netherlands	world	web	TRUE	2015	AM	1.386
Austria	3	Netherlands	world	web	TRUE	2015	AT	1.386
Bahamas	3	Netherlands	world	web	TRUE	2015	BS	1.386
Bosnia & Herzegovina	3	Netherlands	world	web	TRUE	2015	BA	1.386
Burundi	3	Netherlands	world	web	TRUE	2015	BI	1.386
Cape Verde	3	Netherlands	world	web	TRUE	2015	CV	1.386
Hungary	3	Netherlands	world	web	TRUE	2015	HU	1.386
Jordan	3	Netherlands	world	web	TRUE	2015	JO	1.386
Laos	3	Netherlands	world	web	TRUE	2015	LA	1.386
Macau	3	Netherlands	world	web	TRUE	2015	MO	1.386
Moldova	3	Netherlands	world	web	TRUE	2015	MD	1.386
Montenegro	3	Netherlands	world	web	TRUE	2015	ME	1.386
Mozambique	3	Netherlands	world	web	TRUE	2015	MZ	1.386
Myanmar (Burma)	3	Netherlands	world	web	TRUE	2015	MM	1.386
Pakistan	3	Netherlands	world	web	TRUE	2015	PK	1.386
Puerto Rico	3	Netherlands	world	web	TRUE	2015	PR	1.386
Serbia	3	Netherlands	world	web	TRUE	2015	RS	1.386
Slovakia	3	Netherlands	world	web	TRUE	2015	SK	1.386
South Korea	3	Netherlands	world	web	TRUE	2015	KR	1.386
St. Lucia	3	Netherlands	world	web	TRUE	2015	LC	1.386
Andorra	2	Netherlands	world	web	TRUE	2015	AD	1.099
Angola	2	Netherlands	world	web	TRUE	2015	AO	1.099
Azerbaijan	2	Netherlands	world	web	TRUE	2015	AZ	1.099
Burkina Faso	2	Netherlands	world	web	TRUE	2015	BF	1.099
Congo - Brazzaville	2	Netherlands	world	web	TRUE	2015	NA	1.099
Congo - Kinshasa	2	Netherlands	world	web	TRUE	2015	NA	1.099
Costa Rica	2	Netherlands	world	web	TRUE	2015	CR	1.099
Djibouti	2	Netherlands	world	web	TRUE	2015	DJ	1.099
Egypt	2	Netherlands	world	web	TRUE	2015	EG	1.099
France	2	Netherlands	world	web	TRUE	2015	FR	1.099
French Polynesia	2	Netherlands	world	web	TRUE	2015	PF	1.099
Gabon	2	Netherlands	world	web	TRUE	2015	GA	1.099
Guinea	2	Netherlands	world	web	TRUE	2015	GN	1.099
Honduras	2	Netherlands	world	web	TRUE	2015	HN	1.099
Iran	2	Netherlands	world	web	TRUE	2015	IR	1.099
Italy	2	Netherlands	world	web	TRUE	2015	IT	1.099
Mongolia	2	Netherlands	world	web	TRUE	2015	MN	1.099
Morocco	2	Netherlands	world	web	TRUE	2015	MA	1.099
Nicaragua	2	Netherlands	world	web	TRUE	2015	NI	1.099
Panama	2	Netherlands	world	web	TRUE	2015	PA	1.099
Poland	2	Netherlands	world	web	TRUE	2015	PL	1.099
Saudi Arabia	2	Netherlands	world	web	TRUE	2015	SA	1.099
Spain	2	Netherlands	world	web	TRUE	2015	ES	1.099
Sudan	2	Netherlands	world	web	TRUE	2015	SD	1.099
Syria	2	Netherlands	world	web	TRUE	2015	SY	1.099
Timor-Leste	2	Netherlands	world	web	TRUE	2015	TL	1.099
Tunisia	2	Netherlands	world	web	TRUE	2015	TN	1.099
Turkmenistan	2	Netherlands	world	web	TRUE	2015	TM	1.099
Algeria	1	Netherlands	world	web	TRUE	2015	DZ	0.693
Argentina	1	Netherlands	world	web	TRUE	2015	AR	0.693
Belarus	1	Netherlands	world	web	TRUE	2015	BY	0.693
Bolivia	1	Netherlands	world	web	TRUE	2015	BO	0.693
Brazil	1	Netherlands	world	web	TRUE	2015	BR	0.693
Chile	1	Netherlands	world	web	TRUE	2015	CL	0.693
Colombia	1	Netherlands	world	web	TRUE	2015	CO	0.693
Côte d’Ivoire	1	Netherlands	world	web	TRUE	2015	CI	0.693
Dominican Republic	1	Netherlands	world	web	TRUE	2015	DO	0.693
Ecuador	1	Netherlands	world	web	TRUE	2015	EC	0.693
El Salvador	1	Netherlands	world	web	TRUE	2015	SV	0.693
Guadeloupe	1	Netherlands	world	web	TRUE	2015	GP	0.693
Guatemala	1	Netherlands	world	web	TRUE	2015	GT	0.693
Haiti	1	Netherlands	world	web	TRUE	2015	HT	0.693
Indonesia	1	Netherlands	world	web	TRUE	2015	ID	0.693
Iraq	1	Netherlands	world	web	TRUE	2015	IQ	0.693
Kazakhstan	1	Netherlands	world	web	TRUE	2015	KZ	0.693
Kyrgyzstan	1	Netherlands	world	web	TRUE	2015	KG	0.693
Libya	1	Netherlands	world	web	TRUE	2015	LY	0.693
Madagascar	1	Netherlands	world	web	TRUE	2015	MG	0.693
Mali	1	Netherlands	world	web	TRUE	2015	ML	0.693
Martinique	1	Netherlands	world	web	TRUE	2015	MQ	0.693
Mauritania	1	Netherlands	world	web	TRUE	2015	MR	0.693
Mexico	1	Netherlands	world	web	TRUE	2015	MX	0.693
New Caledonia	1	Netherlands	world	web	TRUE	2015	NC	0.693
Palestine	1	Netherlands	world	web	TRUE	2015	PS	0.693
Paraguay	1	Netherlands	world	web	TRUE	2015	PY	0.693
Peru	1	Netherlands	world	web	TRUE	2015	PE	0.693
Réunion	1	Netherlands	world	web	TRUE	2015	RE	0.693
Russia	1	Netherlands	world	web	TRUE	2015	RU	0.693
Senegal	1	Netherlands	world	web	TRUE	2015	SN	0.693
Taiwan	1	Netherlands	world	web	TRUE	2015	TW	0.693
Tajikistan	1	Netherlands	world	web	TRUE	2015	TJ	0.693
Thailand	1	Netherlands	world	web	TRUE	2015	TH	0.693
Turkey	1	Netherlands	world	web	TRUE	2015	TR	0.693
Ukraine	1	Netherlands	world	web	TRUE	2015	UA	0.693
Uruguay	1	Netherlands	world	web	TRUE	2015	UY	0.693
Uzbekistan	1	Netherlands	world	web	TRUE	2015	UZ	0.693
Venezuela	1	Netherlands	world	web	TRUE	2015	VE	0.693
Vietnam	1	Netherlands	world	web	TRUE	2015	VN	0.693
Yemen	1	Netherlands	world	web	TRUE	2015	YE	0.693
Japan	0.5	Netherlands	world	web	TRUE	2015	JP	0.405
